Variance,Test Accuracy
0.008287560164,0.8022036609
0.0236301718,0.1132930514
0.01742584295,0.6882886085