Variance,Test Accuracy
0.01766355615,0.8329482851
0.02311338509,0.1144797636
0.008109990907,0.9210947219