Test Accuracy,Fraction of Malacious Devices
0.9210947219,0
0.8022036609,0.2
0.6267993602,0.5
0.4258930158,0.8