Test Accuracy,Fraction of Malacious Devices
0.1131153368,0
0.1132930514,0.2
0.1129376222,0.5
0.1132930514,0.8