Test Accuracy,Fraction of Malacious Devices
0.8329482851,0
0.6882886085,0.2
0.4736982406,0.5
0.2706593211,0.8