Test Accuracy,Fraction of Malacious Devices
0.7295173962,0
0.6988936989,0.2
0.62000962,0.5
0.3468013468,0.8