Test Accuracy,Fraction of Malacious Devices
0.2456839309,0
0.2456839309,0.2
0.2456839309,0.5
0.2437583001,0.8