Test Accuracy,Fraction of Malacious Devices
0.2456839309,0
0.2456839309,0.1
0.2456839309,0.15
0.2456839309,0.2