Test Accuracy,Fraction of Malacious Devices
0.739939,0
0.604618,0.1
0.571749,0.15
0.062851,0.2