Test Accuracy,Fraction of Malacious Devices
0.712682,0
0.571749,0.1
0.531025,0.15
0.061408,0.2