Test Accuracy,Fraction of Malacious Devices
0.111432,0
0.103575,0.1
0.099086,0.15
0.050505,0.2