Lambda,Clean
0,0.8885682219
1,0.2600609267
25,0.9385922719
50,0.9385922719
75,0.9385922719
100,0.2873176207