Lambda,Adversial
0,0.9494949495
1,0.3509700176
25,0.9385922719
50,0.9385922719
75,0.9385922719
100,0.3628346962