Test Accuracy,Fraction of Malacious Devices
0.7126823793,0
0.6371653038,0.2
0.5470578804,0.5
0.09139009139,0.8