Test Accuracy,Fraction of Malacious Devices
0.7399390733,0
0.6490299824,0.2
0.5031265031,0.5
0.05868205868,0.8