Test Accuracy,Fraction of Malacious Devices
0.7399390733,0
0.6204906205,0.2
0.4539041206,0.5
0.2876382876,0.8