Test Accuracy,Fraction of Malacious Devices
0.7126823793,0
0.5677409011,0.2
0.06140772807,0.5
0.06140772807,0.8