Variance,Test Accuracy
0.0191606844,0.6490299824
0.01717372628,0.6371653038
0.002353867729,0.05050505051
0.01788998629,0.6988936989