Variance,Test Accuracy
0.01905526293,0.7399390733
0.01846801693,0.7126823793
0.00725757193,0.1114317781
0.01676368167,0.7295173962