Test Accuracy,Fraction of Malacious Devices
0.7399390733,0
0.6046176046,0.1
0.5717492384,0.15
0.06285072952,0.2
0.05627705628,0.5
0.05643738977,0.8