Test Accuracy,Fraction of Malacious Devices
0.7399390733,0
0.06285072952,0.2
0.05627705628,0.5
0.05643738977,0.8