Test Accuracy,Fraction of Malacious Devices
0.7126823793,0
0.06140772807,0.2
0.2837902838,0.5
0.06156806157,0.8