Test Accuracy,Fraction of Malacious Devices
0.1114317781,0
0.05050505051,0.2
0.03703703704,0.5
0.03270803271,0.8