Test Accuracy,Fraction of Malacious Devices
0.7295173962,0
0.4619207953,0.2
0.1701138368,0.5
0.05900272567,0.8