Test Accuracy,Fraction of Malacious Devices
0.7295173962,0
0.6971300305,0.2
0.6293089626,0.5
0.4805194805,0.8